short_form	matched_cl_id
Myofibroblasts	CL:0000186
Cycling MFB	CL:0000186
CD82highOX40L+	CL:0000186
UCB-HSCs	CL:2000095
HSCs	CL:0000037
cytotoxic T cells	CL:0000910
exhausted T cells	CL:0011025
iTreg	CL:0000902
Th1	CL:0000545
Tfh	CL:0002038
MAIT	CL:0000940
DCs	CL:0000451
Macrophages	CL:0000235
Neutrophils	CL:0000775
gammadelta T	CL:0000798
Gamma_ delta	CL:0000798
Tr1	CL:0000901
B_ Cell	CL:0000236
TCM	CL:0000904
TEM	CL:0000905
new Teff	CL:0001044
PBMCs	CL:2000001
B cells	CL:0000236
T cell	CL:0000084
CD4 naive	CL:0000895
CD4+	CL:0000624
CD4 memory	CL:0000897
CD8 effector	CL:0000913
CD8 memory	CL:0000909
RBCs	CL:0000232
PBMC	CL:2000001
CD4+ T cell	CL:0000624
NK cell	CL:0000623
CD8+ T cell	CL:0000625
bMicroglia	CL:0000129
aMicroglia	CL:0002629
pmMicroglia	CL:0002629
DAM	CL:0000129
elMicroglia	CL:0000129
pvMacrophages	CL:0000881
imB-cells	CL:0000816
immature B-cells	CL:0000816
mB-cells	CL:0000785
mature B-cells	CL:0000785
pimMicroglia	CL:0002628
IEG+Microglia	CL:0000129
sMicroglia	CL:0000129
pPAM	CL:0000129
eMicroglia	CL:0000129
pcpMacrophages	CL:0000880
acpMacrophages	CL:0000880
iMonocytes	CL:0000860
pMonocytes	CL:0000875
cpEpithelial cells	CL:0000706
Osteoclasts	CL:0000092
Osteoblasts	CL:0000062
MSCs	CL:0000134
Osteoprogenitors	CL:0007010
Mature osteoblasts	CL:0000062
Osteocytes	CL:0000137
ECs	CL:0000115
CD4+T	CL:0000624
Th2	CL:0000546
Th17	CL:0000899
Treg	CL:0000815
BM-MSCs	CL:0002540
T regulatory cells	CL:0000815
Tregs	CL:0000815
Lymphocytes	CL:0000542
T cells	CL:0000084
T lymphocytes	CL:0000084
naive T-cell	CL:0000898
memory T lymphocyte	CL:0000813
CD4+ T lymphocyte	CL:0000624
regulatory T-cells	CL:0000815
B lymphocytes	CL:0000236
FDCs	CL:0000442
B-cells	CL:0000236
B-cell	CL:0000236
IL-17+ cells	CL:0000899
Glial	CL:0000125
retinal Muller glia	CL:0000636
ASCs	CL:0002570
obese ASCs	CL:0002570
memory B cells	CL:0000787
MDSC	CL:0000889
PMN	CL:0000094
TAMs	CL:0000235
MDSCs	CL:0000889
TAM	CL:0000235
D1-SPNs	CL:4030048
D2-SPNs	CL:4030049
naive T cells	CL:0000898
memory T cells	CL:0000813
hAM-Muse cells	CL:0002639
CAFs	CL:0000057
vCAFs	CL:0000057
CAF	CL:0000057
EC	CL:0000115
RGCs	CL:0000740
MSC	CL:0000134
SMC	CL:0000192
NK CD16-	CL:0000938
NK CD16 +	CL:0000939
NK	CL:0000623
SCs	CL:0000034
SSC	CL:0000016
M2-TAMs	CL:0000890
regulatory T cells	CL:0000815
Chattering neurons	CL:0002072
Chattering	CL:0002072
Interneuron	CL:0000099
Pyramidal	CL:0000598
TILs	CL:0000542
CD8+ T cells	CL:0000625
helper T cells	CL:0000912
CD44low CD62L-	CL:0000084
DFAT cells	CL:0002334
DFAT cell	CL:0002334
HAECs	CL:0002544
HPMVECs	CL:2000016
HUVECs	CL:0002618
DC	CL:0000451
Regulatory T cells	CL:0000815
A1	CL:0000127
A2	CL:0000127
TRM	CL:0000864
TRMs	CL:0000864
MSSCs	CL:0000134
HAGEPs	CL:0009099
Oligodendrocytes	CL:0000128
OPCs	CL:0002453
NK cells	CL:0000623
PBMC_SLE	CL:2000001
Monocyte	CL:0000576
SLE-PBMCs	CL:2000001
breast EC	CL:2000071
CD4+ T cells	CL:0000624
ME/CFS NK cell	CL:0000623
ME/CFS T cells	CL:0000084
exhausted T cell	CL:0011025
ILC	CL:0001065
LT-HSCs	CL:0002034
LT-HSC	CL:0002034
AECs	CL:0002536
VECs	CL:1001578
CMPs	CL:0000049
MEPs	CL:0000050
GMPs	CL:0000557
CLPs	CL:0000051
ILCs	CL:0001065
MKs	CL:0000556
progenitor B cells	CL:0000826
pro-B cells	CL:0000826
precursor B cells	CL:0000817
pre-B cells	CL:0000817
MPPs	CL:0000837
BILs	CL:0000542
gammadelta T cells	CL:0000798
BIL	CL:0000542
APCs	CL:0000145
SC	CL:0000034
AD-MSCs	CL:0002570
NK-T cells	CL:0000814
embryonic SCs	CL:0002322
ESCs	CL:0002322
Platelet	CL:0000233
M2	CL:0000890
T-cells	CL:0000084
TEC	CL:0002293
TECs	CL:0002293
cTECs	CL:0002364
mTECs	CL:0002365
cDCs	CL:0000990
plasmacytoid DCs	CL:0000784
pDCs	CL:0000784
common DC progenitor	CL:0001029
CDP	CL:0001029
CDPs	CL:0001029
pre-cDCs	CL:0002010
cDC	CL:0000990
cDC1	CL:0000990
cDC2	CL:0000990
pre-cDC	CL:0002010
ON bipolar cells	CL:0000749
Bipolar cell	CL:0000748
OFF bipolar cells	CL:0000750
Muller glia	CL:0000636
type 2 CBCs	CL:0000754
SYT2+ cell	CL:0000754
AII amacrine cells	CL:0004219
type 2 CBC	CL:0000754
HSC	CL:0000037
CSF cells	CL:0000686
MOs	CL:0000576
MFs	CL:0000235
mDCs	CL:0000782
NEUs	CL:0000775
AM	CL:0000583
CD11cHiMDC	CL:0002010
RM	CL:0000861
DRAC+ macrophages	CL:0000235
CD169+ macrophages	CL:0000868
LSK	CL:0001008
GMP	CL:0000557
splenic HSCs	CL:0000037
LSKs	CL:0001008
effector T cell	CL:0000911
resting NK cells	CL:0000623
M2 Macrophages	CL:0000890
Innate T cells	CL:0002127
iNKT cell	CL:0000921
iNKT cells	CL:0000921
adipose iNKT cells	CL:0000921
NKT10 cells	CL:0000814
Myeloid cells	CL:0000763
multipotent HSCs	CL:0000037
LMPPs	CL:0000837
CMP	CL:0000049
B cell	CL:0000236
B cell precursors	CL:0000817
IgE ASC	CL:0000951
naive B cells	CL:0000788
NP ASC	CL:0000946
ASC	CL:0000946
mutated IgD ASC	CL:0000946
GC	CL:0000501
common progenitor GC	CL:4033066
pGC	CL:4033066
mural GC	CL:4033067
cumulus GC	CL:0000711
atretic GC	CL:4033090
atrGC	CL:4033090
TC	CL:0000503
atretic TC	CL:4052027
atrTC	CL:4052027
CD4 T cells	CL:0000624
CD8 T	CL:0000625
CD4 T	CL:0000624
CD4 T Naive	CL:0000898
Tn	CL:0000898
CD4 T memory	CL:0000897
Tm	CL:0000897
CD8 T cell	CL:0000625
TP cells	CL:4033048
PNEC	CL:1000223
TP	CL:4033048
NEU	CL:0000775
RBC	CL:0000232
PLT	CL:0000233
KSL cells	CL:0001008
BM cells	CL:0002092
WBC	CL:0000738
B lymphocyte	CL:0000236
CD20+ plasma cells	CL:0000786
CD20- plasma cells	CL:0000786
T-cell	CL:0000084
pDC	CL:0000784
ncMono	CL:0000875
Naive CD8 T-cell	CL:0000900
naive CD8 T-cell	CL:0000900
Ery-Mk progenitors	CL:0000050
LMPPs	CL:0000936
PRs	CL:0010009
bipolar (BP) neurons	CL:0000103
BP cells	CL:0000103
Rod BPs	CL:0000751
rod PR	CL:0000604
ACs	CL:0004219
cone BP cells	CL:0000752
ACs	CL:0000561
HCs	CL:0000745
Trophectoderm	CL:1000274
MCs	CL:1001502
EGCs	CL:0000626
EGC	CL:0000626
AOB neurons	CL:0000207
Cort+ EGCs	CL:0000626
RGC cells	CL:0000740
RGC	CL:0000740
HPF	CL:4052029
HPMC	CL:1000491
M1 macrophages	CL:0000863
Sertoli cells	CL:0000216
SSCs	CL:0000016
preBotC neurons	CL:0000540
alpha-RGC	CL:0004117
MGCs	CL:4023188
PGCs	CL:4023189
ECs	CL:0010008
Monocytes	CL:0000576
ILC2 cells	CL:0001069
GABAergic cells	CL:0000617
GABAergic neuron	CL:0000617
non-VIPin cells	CL:0000540
non-VIP cells	CL:0000540
Melanotrophs	CL:0000440
Lactotrophs	CL:0002311
Somatotrophs	CL:0002312
Thyrotrophs	CL:0000476
Gonadotrophs	CL:0000437
Corticotrophs	CL:0002309
Stem cells	CL:0000034
B2 B-cells	CL:0000822
splenic B1 cells	CL:0000819
B1 B-cells	CL:0000819
B1 B-cell	CL:0000819
B1b B-cells	CL:0000821
DN1 thymocytes	CL:0000894
B Cells	CL:0000236
AC	CL:0000561
BC	CL:0000748
HC	CL:0000745
RPC	CL:0002672
RPE	CL:0002586
PC	CL:0010009
hESC	CL:0002322
Embryonic Stem Cells	CL:0002322
NSC	CL:0000047
Neural Stem Cells	CL:0000047
NPC	CL:4042021
DANs	CL:0000700
Dopaminergic neurons	CL:0000700
lt-NES	CL:0002259
OPC	CL:0002453
AP cells	CL:2000004
AP	CL:2000004
AP cell	CL:2000004
Hair follicles	CL:0002559
Langerhans	CL:0000453
CjS cells	CL:0002550
EcS cells	CL:0000057
EmS cells	CL:0002255
CjE	CL:1000432
EcE	CL:0002535
EcS	CL:0000057
Mel	CL:0000440
Cort	CL:0000467
Gona	CL:0000437
SPB neurons	CL:0000540
high threshold (HT)	CL:0000540
low threshold (LT)	CL:0000540
WDR	CL:0000540
HT SPB neurons	CL:0000540
WDR cells	CL:0000540
WDR SPB neurons	CL:0000540
GC cells	CL:0001064
gammadeltaT17	CL:0000798
tolerogenic DCs	CL:0000451
PANCREAS ALPHA CELL	CL:0000171
PANCREAS DUCTAL CELL	CL:0002079
PANCREAS ACINAR CELL	CL:0002064
sMZ B cells	CL:0000845
NBCs	CL:0000788
sMZ B-cell	CL:0000845
MBCs	CL:0000787
MBC	CL:0000787
Follicular B-cells	CL:0000843
Memory B-cells	CL:0000787
mature-naive B-cells	CL:0000788
mFbs	CL:0009106
FRCs	CL:0009101
thymic FRCs	CL:0009101
LN FRCs	CL:0009102
TRC	CL:0009105
FDC	CL:0000442
MRC	CL:0009103
CRC	CL:0000432
medRC	CL:0009106
FRC	CL:0009101
SP thymocytes	CL:0000805
mTEC	CL:0002365
Myelocytes	CL:0002193
SMG	CL:4033037
club (Clara) cell	CL:0000158
AT1	CL:0002062
AT2	CL:0002063
MEC	CL:0000185
BC	CL:0000646
CC	CL:0000158
GC	CL:1000143
MC	CL:0000319
SC	CL:0019001
TC	CL:0002204
Epithelial cell	CL:0002632
MCC	CL:4030034
Pre-SPMs	CL:0000581
SPMs	CL:0000581
IM	CL:0000235
Timd4+ LPMs	CL:0000581
PMs	CL:4033076
B1a	CL:0000820
B1a cells	CL:0000820
B1b	CL:0000821
B1b cells	CL:0000821
B2	CL:0000822
B2 cells	CL:0000822
GCBs	CL:0000844
PBs	CL:0000980
Cd4+ Ts	CL:0000624
Cd4+ T cells	CL:0000624
Cd8+ Ts	CL:0000625
Cd8+ T cells	CL:0000625
DN1	CL:0000894
DN2	CL:0000806
MCs	CL:0000097
Mast cells	CL:0000097
NTPs	CL:0000775
Kolliker's organ	CL:0002490
Deiters' cells	CL:0000635
Hensen's cells	CL:0000633
B-1a	CL:0000820
bone marrow HSCs	CL:0000037
B-1 B cells	CL:0000819
B-1 B cell	CL:0000819
B-1 cells	CL:0000819
B-2 lymphoid cells	CL:0000822
CM	CL:0000746
EC	CL:0010008
CF	CL:0002548
PeriC	CL:0000669
EndoC	CL:0002350
EpiC	CL:0011019
MF	CL:0000235
TC	CL:0000084
CEC	CL:0002144
Pro-EC	CL:0010008
IFN-EC	CL:0002144
CVEC	CL:4047030
VEC	CL:0002543
AEC	CL:1000413
LEC	CL:0002138
Ery	CL:0000764
My	CL:0000763
MK	CL:0000556
Gran	CL:0000094
CD11b+CD33+ cells	CL:0000889
iGRANs	CL:0000094
iGRAN	CL:0000094
Excitatory Neurons	CL:0000679
CCKBC	CL:0000118
PVBC	CL:4023018
AxoAxonic Cells	CL:0000498
AA	CL:0000498
Ivy Cells	CL:4042013
IVY	CL:4042013
Bistratified cells	CL:0004247
BS	CL:0004247
SCA	CL:4023060
Neurogliaform	CL:0010011
NG	CL:0010011
B Cell	CL:0000236
Plasma Cell	CL:0000786
Macrophage	CL:0000235
Dendritic Cell	CL:0000451
Granulosa Cell	CL:0000501
Neutrophil	CL:0000775
Basal Cell	CL:0000646
Ionocyte Cell	CL:0005006
Langerhans Cell	CL:0000453
Ciliated Cell	CL:0000067
Secretory Cell	CL:0000151
KO cell	CL:0002490
HC	CL:4023120
IPC	CL:0002163
OPC	CL:0002164
DC1/2	CL:0000635
DC3	CL:0000635
HeC	CL:0000633
CC	CL:0000634
OSC	CL:0000601
Claudius cells	CL:0000634
IdC	CL:0002172
ISC	CL:0000589
KO	CL:0002490
L.KO	CL:0002490
M.KO	CL:0002490
OC90	CL:0002490
OC90+ cells	CL:0002490
Burst forming units	CL:0000038
BFU-E	CL:0000038
Colony forming units	CL:0001066
CFU-E	CL:0001066
5-HT neuron	CL:0000850
5-HT neurons	CL:0000850
T progenitors	CL:0000827
TSPs	CL:0000827
CD4-CD8- DN	CL:0002489
TSP	CL:0000827
immature DN	CL:0002489
DN	CL:0002489
DN cells	CL:0002489
ETP	CL:0002425
VICs	CL:4030032
VIC	CL:4030032
HPVCs	CL:4030033
VECs	CL:4030033
CD8+ cDC	CL:0001000
CD8- cDC	CL:0000998
Naive T-cells	CL:0000898
Th	CL:0000912
Helper T-cells	CL:0000912
TC	CL:0000910
Cytotoxic cells	CL:0000910
CD8 T-cells	CL:0000625
Tr	CL:0000815
Regulatory T-cells	CL:0000815
DN	CL:0000451
MN	CL:0000235
Naive Macrophages	CL:0000235
Macrophages M0	CL:0000235
Cancer cells	CL:0001064
MSNs	CL:4030043
D2-MSNs	CL:4030047
D1-MSN	CL:4030043
D2-MSN	CL:4030047
D1-MSNs	CL:4030043
VPGlutamate cells	CL:0000679
VP neuronal	CL:0000540
AP	CL:0000031
IP	CL:0011020
ImmN	CL:4042028
MN	CL:0000540
CThPN	CL:4023013
LIV	CL:4030063
IN	CL:0000099
CR	CL:0000695
Cajal-Retzius cells	CL:0000695
Astro	CL:0000127
CGC	CL:4047002
Epend	CL:0000065
OL	CL:0000128
MG	CL:0000129
Peri	CL:0000669
VLMC	CL:4023051
Sensory neurons	CL:0000101
IPANs	CL:0000526
Enteric neurons	CL:0007011
MSN	CL:1001474
D1-MSN	CL:4023026
D2-MSN	CL:4023029
NAc D1-MSNs	CL:4030051
D2-MSNs	CL:4023029
regulatory B-cell	CL:0000969
Breg	CL:0000969
killer B-cells	CL:0000969
transitional B-cells	CL:0000818
T2 B-cells	CL:0000959
T1 B-cells	CL:0000958
Epithelial cells	CL:1000347
CD4_Tn	CL:0000895
Regulatory T cell	CL:0000815
CD8_Tem	CL:0000913
CTL	CL:0000910
Cytotoxic T cell	CL:0000910
Natural killer cell	CL:0000623
FO_B	CL:0000843
Follicular B cell	CL:0000843
Plasma	CL:0000786
Plasma cell	CL:0000786
mregDC	CL:0000451
Glial cell	CL:0000125
Entericglial cell	CL:4040002
Endo	CL:1001572
Endothelial cell	CL:1001572
Endo_lymphatic	CL:0002138
Fibro	CL:0000057
Fibroblast	CL:0000057
Myof	CL:0000186
Myofibroblast cell	CL:0000186
Goblet	CL:0009039
Goblet cell	CL:0009039
Epi_colon	CL:0011108
Goblet_N	CL:0009039
PSTNTac1 neurons	CL:0000540
PSTNCRH neurons	CL:1001505
Supporting cells	CL:0002315
EF B-cell	CL:0000236
TR B cells	CL:0000818
AN B cells	CL:0000980
DN B cells	CL:0000981
EF effector B-cell	CL:0000968
memory B-cell	CL:0000787
AM2 B cells	CL:0000787
AM2	CL:0000787
memory CD8+ t-cells	CL:0000909
naive CD4+ t-cells	CL:0000895
naive CD8+ t-cells	CL:0000900
CD8+ memory t-cells	CL:0000909
CD4+ naive t-cells	CL:0000895
CD8+ naive t-cells	CL:0000900
NKT cells	CL:0000814
NPC	CL:0011020
AC	CL:0000127
MES	CL:0008019
TME cells	CL:0001063
B10 cells	CL:0000969
mutant HSCs	CL:0000037
M-astrocyte	CL:0000127
M-OPC	CL:0002453
MFOL	CL:0000128
NFOL	CL:0000128
MOL	CL:0000128
PC	CL:0000669
PVM	CL:0000881
CD4 SP	CL:0000810
CD8 SP	CL:0000811
cTEC	CL:0002364
DP	CL:0000809
NKT	CL:0000814
VSMC	CL:0000359
lymphatic ECs	CL:0002138
Schwann cell	CL:0002573
CD4+ T-cell	CL:0000624
Excitatory Neurons	CL:0000540
PLZF+ spermatogonia	CL:0000020
liver ECs	CL:0000115
CD8+ T lymphocytes	CL:0000625
CD103+ T cell	CL:0000813
Trm-like cells	CL:0000813
Trm cells	CL:0000813
Teff cells	CL:0000911
Tex cells	CL:0011025
Trm-like cell	CL:0000813
Tex cell	CL:0011025
Innate Immune Cells	CL:0001065
ILC2	CL:0001069
ILC3	CL:0001071
LTi	CL:0011018
Natural Killer cells	CL:0000623
Dendritic Cells	CL:0000451
cDC3	CL:0000990
Tolerogenic DCs	CL:0000451
Plasmacytoid DCs	CL:0000784
Inflammatory DCs	CL:0000451
Langerhans cells	CL:0000453
ILC1	CL:0001067
CD14+ monocytes	CL:0001054
CD16+ monocytes	CL:0002397
mDC	CL:0000782
CD4+ Tm	CL:0000897
CD8+ Tm	CL:0000909
GZMA+CD8+ Tm	CL:0000909
OEx	CL:0002231
ORN	CL:0000207
ORNs	CL:0000207
BMDCs	CL:0000451
GM-DC	CL:0000451
GM-Mac	CL:0000235
GM-DCs	CL:0000451
GM-Macs	CL:0000235
BMDC	CL:0000451
CD11b- DCs	CL:0000451
CD11b+ DC	CL:0002465
BVACs	CL:4023072
CapEC	CL:0002144
aEC	CL:1000413
vEC	CL:0002543
BAM	CL:4042003
GBCs	CL:0002171
HBCs	CL:0002184
PSM	CL:0011007
PSM cells	CL:0011007
Treg cells	CL:0000815
Th17 cells	CL:0000899
Th1 cells	CL:0000545
Pro-T cells	CL:4033069
nodal type hSC-CM	CL:0000746
CD64+ neutrophil	CL:0000775
small (L-cells)	CL:0000122
D-stellate	CL:0000122
Small cells	CL:0000122
T-stellate cells	CL:0000122
T-stellate	CL:0000122
CD8+ TEM	CL:0000913
CD4+ Treg	CL:0000792
CD8+ Mitotic TEM	CL:0000913
CD4+ TEM	CL:0000905
CD4+ Mitotic TEM	CL:0000905
CD4+ TILs	CL:0000624
Ahr+/+ blastomeres	CL:0000353
Th22	CL:0001042
TC	CL:1001503
MC	CL:1001502
TCs	CL:1001503
plasmacytoid DC	CL:0000784
MAIT cell	CL:0000940
beta Cells	CL:0000169
Myeloid monocytes	CL:0000576
type II pneumocytes	CL:0002063
type II pneumocyte	CL:0002063
Hepatocytes	CL:0000182
T lymphocyte	CL:0000084
follicular Th	CL:0002038
TFH	CL:0002038
pre-TFH	CL:0002038
Pre-TFH cells	CL:0002038
pre-TFH cells	CL:0002038
dM	CL:4033088
dP	CL:0008033
dS	CL:2000002
Endo	CL:0000115
Epi	CL:0000150
FB	CL:0000057
HB	CL:3000001
Hofbauer cells	CL:3000001
PV	CL:4033054
SCT	CL:0000525
VCT	CL:2000060
EVT	CL:0008036
CTBs	CL:0000523
EVTs	CL:0008036
STR	CL:0000499
MP cells	CL:0000113
FGSCs	CL:0000022
ASCs	CL:0002248
hPGCs	CL:0000670
hPSCs	CL:0002248
APC	CL:0000145
Dendritic cells	CL:0000451
excitatory PyCs	CL:0000598
Krt 14+ cells	CL:0000066
Krt15+ cells	CL:0002337
Krt14+ cells	CL:0000066
Krt5+ cells	CL:0000312
Basal cell	CL:0000646
Lgr5+ stem cells	CL:0002250
PCs	CL:0000510
SAC	CL:0004232
SACs	CL:0004232
BCs	CL:0000748
CD4 Tconvs	CL:0000624
CD4 Tconv	CL:0000624
TIM-3+ cells	CL:0000084
CD4 Tconv TIL	CL:0000624
Tconv	CL:0000624
Tconvs	CL:0000624
NE cells	CL:0017002
CD301b+ macrophages	CL:0000235
CD206+ macrophages	CL:0000890
M2-macrophage	CL:0000890
CD86+ macrophages	CL:0000863
M1-macrophage	CL:0000863
CD301b+ macrophage	CL:0000235
M2 macrophages	CL:0000890
M1	CL:0000863
M2	CL:0000863
MCPs	CL:0002664
MCP	CL:0002664
PM	CL:0002072
Activated DCs	CL:0000451
GABAergic	CL:0000617
GABAergic neurons	CL:0000617
CHC	CL:4023083
ISC	CL:0000099
LPC	CL:4023025
Martinotti cells	CL:4023076
MNC	CL:4023076
CD45+ cells	CL:0000738
DETC	CL:0000916
MdMacro	CL:0000235
Neut	CL:0000775
dTgammadelta	CL:0000801
heterogeneous T cell	CL:0000084
Thet	CL:0000084
Immature #2 cells	CL:0000216
Immature	CL:0000216
EdU+ NSCs	CL:0000047
group 1 ILCs	CL:0001067
liver cNK cells	CL:0000623
ILC1s	CL:0001068
splenic cNK cells	CL:0000623
liver ILC1s	CL:0001068
spleen NK cells	CL:0000623
CD27+CD62L- NK cells	CL:0000823
spleen NK cell	CL:0000623
CD3+ T cell	CL:0002419
CD3intCD4+ T cells	CL:0000624
myeloid non-DC	CL:0000763
CD11c+MHC-II+ DC	CL:0000990
XCR1+ cDC1	CL:0000841
CD172a+ DC	CL:0000451
CD207+ LC	CL:0000453
Dermal cDC2	CL:0000990
non-DC myeloid cell	CL:0000763
PVASCs	CL:0002570
liver/heart EC	CL:0010008
T helper	CL:0000912
T regulatory	CL:0000815
IECs	CL:0002563
Goblet cells	CL:0000160
Paneth cells	CL:0000510
aPT	CL:0002306
CNT-ICA	CL:4030020
CNT-PC	CL:4030018
DCT	CL:4030016
EC-GC	CL:1001005
EC-PTC	CL:1001033
M-TAL	CL:1001108
PC	CL:0005009
tPC-IC	CL:0005010
PCs	CL:0005009
ICs	CL:0005010
loop of Henle	CL:1000909
Scgb1a1+ cell	CL:0002638
hASCs	CL:0002570
memory B cell	CL:0000787
NKs	CL:0000623
Chondrocyte	CL:0000138
T helper cells	CL:0000912
PS cells	CL:0002248
ES	CL:0002322
hES	CL:0002322
hES cells	CL:0002322
Cone photoreceptors	CL:0000573
CD4+ Tconv cells	CL:0000624
CD161+ T cells	CL:0000084
Th17 cell	CL:0000899
Tconv cells	CL:0000084
Th17.1 cells	CL:0000899
MSC-sEV	CL:0000134
PKCdelta+ cells	CL:0000540
PBMNCs	CL:2000001
Mphi	CL:0000235
DC Precursors	CL:0002009
MDPs	CL:0002009
Ly6Chi monocytes	CL:0000576
Ly6Clo monocytes	CL:0000875
VSMCs	CL:0000359
BMSCs	CL:0010001
GnRH neurons	CL:0011111
GnRH neuron	CL:0011111
OC	CL:0000092
mOCs	CL:0000092
Granulocytes	CL:0000094
Erythrocytes	CL:0000232
Platelets	CL:0000233
Leukocytes	CL:0000738
memory T-cell	CL:0000813
Lym	CL:0000542
KC1	CL:0000312
Keratinocyte	CL:0000312
Smo	CL:0000192
Mye	CL:0000763
Mel	CL:0000148
Melanocyte	CL:0000148
Lymphocyte	CL:0000542
Myeloid cell	CL:0000763
Smooth muscle cell	CL:0000192
Endothelial cell	CL:0000115
Fib	CL:0000057
AGM cells	CL:0002360
regulatory T cell	CL:0000815
hMSCs	CL:0000134
hMSC	CL:0000134
Ly6G+ neutrophils	CL:0000775
MPO+ neutrophils	CL:0000775
Pericytes	CL:0000669
PCs	CL:0000669
ECs	CL:0002144
(retinal) PCs	CL:0000669
Microglia	CL:0000129
PZ luminal cells	CL:0002340
M2-macrophages	CL:0000890
M1-macrophages	CL:0000863
SCLCs	CL:0002573
NEO cells	CL:0001063
CFU-GM	CL:0000557
SMCs	CL:0000192
VasEndo	CL:0002139
T-lymphocytes	CL:0000084
T-lympho	CL:0000084
CD14-mono	CL:0001054
DiffKera	CL:0000312
BasalK	CL:0000646
Leydig cells	CL:0000178
LSCs	CL:0009091
BM-MSC	CL:0002540
AD-MSC	CL:0002570
UC-MSC	CL:0002569
Stem cell	CL:0000034
Th2 cells	CL:0000546
CBCs	CL:0000752
AII amacrine cell	CL:0004219
AII-AC	CL:0004219
AII-ACs	CL:0004219
Off-CBCs	CL:4033027
Off-bipolar cell	CL:0000750
Off-CBC	CL:4033027
Off-bipolar	CL:0000750
GCs	CL:4033047
Off-bipolar cells	CL:0000750
KCs	CL:0000312
MELAN	CL:0000148
FIB	CL:0000057
MAC	CL:0000235
HSCs	CL:0000632
LSECs	CL:1000398
BECs	CL:1000488
Kupffer cells	CL:0000091
VECs	CL:0002139
MSCs	CL:0000077
Cancer Cell	CL:0001064
Stem Cell	CL:0000034
MPPs	CL:0000048
iHSCs	CL:0000037
BECs	CL:0000071
ADSCs	CL:0002570
Lymphoid-like	CL:0001065
Lymphoid-like cell	CL:0001065
Mac	CL:0000235
APC	CL:0002334
MC	CL:0000097
Mast cell	CL:0000097
BC	CL:0000236
mCD8 T	CL:0000625
BKC	CL:0002187
Basal keratinocyte	CL:0002187
mNK	CL:0000824
Myeloid-like	CL:0000763
Myeloid-like cell	CL:0000763
nCD4 T	CL:0000895
nCD8 T	CL:0000900
ncMos	CL:0000875
Dendritic cell	CL:0000451
NK-like	CL:0000623
Pericyte	CL:0000669
DKC	CL:0000312
TREG	CL:0000815
Innate lymphoid cell	CL:0001065
PSC	CL:0002248
PSCs	CL:0002248
SOX2+ cells	CL:0000048
TUJ1+ cells	CL:0000047
CD31+ cells	CL:0000115
NK Cells	CL:0000623
cDC2s	CL:0000990
cCD2s	CL:0000990
migDCs	CL:0000451
cDC1s	CL:0000990
cCD1s	CL:0000990
ILC3s	CL:0001071
MZ B cells	CL:0009060
Pre-T cells	CL:0002420
ILC2s	CL:0001069
Alveolar macrophages	CL:0000583
Follicular B cells	CL:0000843
GC B cells	CL:0000844
DCs (CD8)	CL:0001000
Nkp46+ ILC3s	CL:0001076
Red pulp macrophages	CL:0000874
Pro-B cells	CL:0000826
Stromal fibroblasts	CL:0000057
Eosinophils	CL:0000771
BCs	CL:0000236
CMCs	CL:0000860
CDCs	CL:0000990
Mesothelial cells	CL:0000077
apCAFs	CL:0000057
HHSEC	CL:1000398
HPAEC	CL:1001568
HPMEC	CL:2000016
HCMEC	CL:2000008
Endothelial cells	CL:0000115
vECs	CL:0002139
EPCs	CL:0000038
Cholinergic neurons	CL:0000108
SMLCs	CL:0000192
GLUT-1+ ECs	CL:2000044
claudin-5+ ECs	CL:2000044
ECs	CL:2000044
EC	CL:2000044
RGC	CL:0000681
IPC	CL:0011026
Ciliated	CL:0000067
Basal	CL:0000646
Brush-like	CL:0002204
AE	CL:0000322
Alveolar Epithelium	CL:0000322
PNECs	CL:1000223
ARC neurons	CL:4023127
ARC neuronal	CL:4023127
Ghrh-neurons	CL:0000110
Kisspeptin-neurons	CL:4023130
FLCs	CL:0000178
Hepatic g-MDSC	CL:0000889
Peritubular cells	CL:0002481
Long Bone Cells	CL:0001035
Osteoclast	CL:0000092
Alveolar Bone Cells	CL:0001035
R2 cells	CL:0000860
hDPCs	CL:0002148
hDSPCs	CL:4030035
AEC2	CL:0002063
AEC2s	CL:0002063
M2 macrophage	CL:0000890
LSCs	CL:4033093
LSC	CL:4033093
CEC	CL:0000575
MZB	CL:0000845
B1	CL:0000819
atMBCs	CL:0000787
B1 B cells	CL:0000819
innate B cells	CL:0000236
CD5+ B1 cells	CL:0000820
SCs	CL:0005014
HCs	CL:0000202
activated B-cell	CL:0000980
B.cells.naive	CL:0000788
Plasma.cells	CL:0000786
T.cells.CD8	CL:0000625
NK.cells.resting	CL:0000623
Macrophages.M0	CL:0000235
Macrophages.M2	CL:0000890
Mast.cells.resting	CL:0000097
WBCs	CL:0000738
CTLs	CL:0000794
CD56DIM NK cells	CL:0000939
CD8 Tscm Cells	CL:0000907
Leucocytes	CL:0000738
decidual NK cells	CL:0002343
dNK	CL:0002343
Decidual NK cells	CL:0002343
OB	CL:0000062
preOB	CL:0007010
MALP	CL:0010001
PDGFRA+ progenitors	CL:0002334
WAT macrophage	CL:0002477
memory T cells	CL:0000909
APC	CL:0009099
acinar (A) cells	CL:0000622
islet (I) cells	CL:0008024
ductal (D) cells	CL:0002079
HBEC	CL:0002328
Natural Killer	CL:0000623
Treg cell	CL:0000815
Breg cell	CL:0000969
Regulatory B cell	CL:0000969
TH17 cell	CL:0000899
DNT cell	CL:0002489
TH1 cell	CL:0000545
Basal cells	CL:0002187
Bone-BM macrophages	CL:0002476
HE-fibro	CL:0000057
BasalKera	CL:0002187
M1-macro	CL:0000863
M2-macro	CL:0000890
Schwann cells	CL:0002573
Melano	CL:0000148
Schwann	CL:0002573
LymphEndo	CL:0002138
B lymphos	CL:0000236
NK-cell	CL:0000623
Fibroblasts	CL:0000057
Neurons	CL:0000540
thymic T cell	CL:0000893
T-progenitor cells	CL:0000827
CLP	CL:0000051
LMPP	CL:0000837
pro-T cells	CL:0000827
pEry	CL:0002355
ESC	CL:0002322
MDP	CL:0002009
KCs	CL:0000091
myeloid DCs	CL:0000782
TFH cells	CL:0002038
Microglial	CL:0000129
Astrocyte	CL:0000127
MME+ FAPs	CL:0009099
FAPs	CL:0009099
MME- FAPs	CL:0009099
FAP	CL:0009099
LepRb neurons	CL:4042033
LepRb cell	CL:4042033
LepRbGlp1r cells	CL:4042033
GABA neurons	CL:0000617
LepRbGlp1r neurons	CL:4042033
ILC cell	CL:0001065
CD45+ PBMCs	CL:2000001
atBCs	CL:0000236
ASCs	CL:0000946
Naive	CL:0000788
actMBCs	CL:0000980
activated B cell	CL:0000980
actMBC	CL:0000980
Naive-1 B cells	CL:0000788
atBC	CL:0000236
Endophyllal	CL:0000115
Myofibroblast	CL:0000186
F4/80+ macrophage	CL:0002479
MSM	CL:0009047
MCM	CL:0000868
F4/80+ macrophages	CL:0002479
MerTK+ TZMs	CL:0000235
MerTK+ macrophages	CL:0000235
Acinar cells	CL:0002064
OSCs	CL:0000024
OSC	CL:0000024
CD8 T cells	CL:0000625
memory CD8 T-cell	CL:0000909
follicular T cells	CL:0002038
mature B cells	CL:0000785
cTfh cells	CL:0002038
cTfh cell	CL:0002038
conventional DCs	CL:0000990
CD8 Cytotoxic	CL:0000794
NK Cytotoxic	CL:0000623
Innate Lymphoid	CL:0001065
exocrine MVEC	CL:2000008
infiltrating CLs	CL:0000910
aDCs	CL:0000451
iDCs	CL:0000840
T helper cell	CL:0000912
HBEGF+ fibroblasts	CL:0000057
HBEGF- fibroblasts	CL:0000057
HBEGF+ macrophages	CL:0000235
HBEGF- macrophages	CL:0000235
Peptidergic neurons	CL:0000110
Nociceptors	CL:0000198
BM neutrophils	CL:0000775
TRM	CL:0000813
CD3D+ T cells	CL:0000084
NCAM1+ NK cells	CL:0000623
MS4A1+ B cells	CL:0000236
MZB1+ plasma cells	CL:0000786
DCs	CL:0000990
TPSAB1+ mast cells	CL:0000097
L5/6 neurons	CL:0000540
L2-3	CL:0000540
Vascular SMCs	CL:0000359
vSMCs	CL:0000359
vSMC	CL:0000359
Neuronal	CL:0000540
NK_CD56bright	CL:0000938
CD4_Ef	CL:0001044
CD8_Ef	CL:0001050
Ki67+ Tregs	CL:0000815
cMo	CL:0000576
iMo	CL:0000576
ncMo	CL:0000576
Ki67+ Treg cells	CL:0000815
ADSC	CL:0002570
CD8+T cells	CL:0000625
qNSC	CL:0000047
SVZ neurogenic cell	CL:4042021
HMVEC	CL:2000008
CD4 T cytotoxic	CL:0000934
CD4 T self-renewing	CL:0000624
CD8 T cytotoxic	CL:0000794
CD8 T memory	CL:0000909
DC plasmacytoid	CL:0000784
Plasma cells	CL:0000786
T-reg cells	CL:0000815
Naive B cells	CL:0000788
Plasmablasts	CL:0000980
Naive B-cell	CL:0000788
SST+ CINs	CL:4023017
PV+ CINs	CL:4023018
MGE progenitors	CL:0002453
PV IN	CL:4023018
ILC progenitors	CL:0001082
CD14CTX	CL:0001054
MacAPOE	CL:0000235
MacSPP1	CL:0000235
CD14+ mono	CL:0001054
CD16+ mono	CL:0002397
CD14+CD16+ monocytes	CL:0002397
CD14+CD16+ mono	CL:0002397
T1 B cells	CL:0000958
autoreactive B cells	CL:0000236
T2 B cells	CL:0000959
T1 cells	CL:0000958
MZ B cells	CL:0000845
nonnaive B cells	CL:0000785
intermediate B cells	CL:0000818
MAITs	CL:0000940
Monos	CL:0000576
killer TNK cells	CL:0000814
ASPCs	CL:0002570
ASPC	CL:0002570
Mphis	CL:0000235
macrophage M2	CL:0000890
B cell memory	CL:0000787
type II fibers	CL:0002212
type I fibers	CL:0002211
SCs	CL:0000594
TA cell	CL:4047017
Enterocytes	CL:0000584
ASCs	CL:0000034
MPCs	CL:0000680
Myf5-derived cells	CL:0000737
CD8+ cells	CL:0000625
CD8+ Naive T	CL:0000900
CD8+ CTL	CL:0000794
CD8+ Activated T	CL:0000906
CD4+ Activated T	CL:0000896
Lipofibroblasts	CL:0009099
iHCs	CL:4023120
CD8T	CL:0000625
CD4T	CL:0000624
Blood cell	CL:0000081
Mono	CL:0000576
NRBC	CL:0000562
endocrine gland EC	CL:4052015
CD8 effective cells	CL:0001050
T-reg	CL:0000815
Apocrine cells	CL:0000033
POMC neurons	CL:4042033
T cell cytotoxic	CL:0000910
Th22 cells	CL:0001042
CD3+	CL:0002419
HSC	CL:0000632
activated HSCs	CL:0000632
aHSCs	CL:0000632
Brain Cell	CL:0002319
MEP	CL:0000050
LMPP	CL:0000936
MPP	CL:0000837
LTi cells	CL:0011018
CD68+ macrophages	CL:0000235
Stromal cells	CL:0000499
LC	CL:0000453
Langerhans cell	CL:0000453
HUVEC	CL:0002618
Aundiff	CL:0000015
Naive CD4+ T	CL:0000895
Th0, cells	CL:0000895
Polarized Th cells	CL:0000912
Pyr cell	CL:0000598
Pyr cells	CL:0000598
immNEU	CL:4042028
immOLG	CL:0000128
OLG	CL:0000128
ASC	CL:0000127
OEG	CL:0011028
ABC	CL:4023097
CP	CL:0011026
EPC	CL:0000065
mNEU	CL:0000540
B cells	CL:0001201
Naive T cells	CL:0000898
NSCs	CL:0000047
Tcm	CL:0000904
hUC-MSCs	CL:0002569
GLUTNs	CL:0000679
GABANs	CL:0000617
Adelta-nociceptors	CL:0000198
DASCs	CL:0002633
AT1 cells	CL:0002062
proliferating DASCs	CL:0002633
DAMs	CL:0000129
NEUROD1+ neuroblasts	CL:0002676
POU4F3+ hair cell	CL:0000202
PCP4+ hair cells	CL:0000202
KITs	CL:0000084
infiltrating T cells	CL:0000084
CD-ICA	CL:4030015
PEC	CL:1000452
CD-ICB	CL:4030005
PST	CL:1000839
DCT	CL:1000849
PODO	CL:0000653
ENDO	CL:1000892
PCT	CL:1000838
MES	CL:0000650
CT	CL:1000768
LEUK	CL:0000738
LOH	CL:1000909
Mature T cells	CL:0002419
immature T cells	CL:0002420
mature T cells	CL:0002419
CD8 cells	CL:0000625
DP cells	CL:0000809
abT cells	CL:0000789
abT	CL:0000789
mature T cell	CL:0002419
SAE cell	CL:0002318
Neuroendocrine cells	CL:0000165
NendC	CL:0000165
Mature Neurons	CL:0000540
mNEUR	CL:0000540
Tanycytes	CL:0002085
TNC	CL:0002085
CPC	CL:0000706
Hb_VC	CL:0000071
ARP	CL:4042022
Neural stem cells	CL:0000047
Ependymocytes	CL:0000065
Hypendymal cells	CL:4023181
HypEPC	CL:4023181
NRP	CL:4042021
Astrocytes	CL:0000127
Immature Neurons	CL:4042028
MNC	CL:0000576
NEUT	CL:0000775
RA FLS	CL:0002301
FLS	CL:0002301
MACFs	CL:0002548
active NK	CL:0000623
Meningeal ILC2s	CL:0001069
dural ILC2s	CL:0001069
lung ILC2s	CL:0001069
meningeal ILC2s	CL:0001069
ILC2 precursors	CL:0000051
lrNK cell	CL:4047101
Hematopoietic cell	CL:0000988
Leukocyte	CL:0000738
Area Postrema Cell	CL:0000540
SCPs	CL:0002375
Chromaffin cells	CL:0000166
Astroglial	CL:0000127
CMs	CL:0000746
PGCs	CL:0000670
PGC	CL:0000670
LE	CL:0002149
Str	CL:0000499
Dec	CL:2000002
Muscle	CL:0002601
Gland	CL:0000150
PRX1+ cells	CL:0000134
Pillar cells	CL:1000191
CD4 T cell	CL:0000624
SOM cells	CL:0000540
ASMC	CL:0019019
vasDCs	CL:0000990
VasDCs	CL:0000990
CD14+monocytes	CL:0001054
FCGR3A+monocytes	CL:0000576
naive CD4+T cells	CL:0000895
memory CD4+T cells	CL:0000897
activated B cells	CL:0000980
B2-B cell	CL:0000822
LSEC	CL:1000398
gammadelta T cell	CL:0000798
Leydig Cell	CL:0000178
hSSC	CL:0000016
BMMSCs	CL:0002540
BMMNCs	CL:0010004
PBPCs	CL:0002246
PBMSCs	CL:0000134
HUCMSCs	CL:0002569
CAFs	CL:1000299
menstrual fluid MSCs	CL:0000134
umbilical cord MSC	CL:0002569
chorion MSC	CL:0002541
hASC	CL:0002570
MSC cell	CL:0000134
Ma	CL:0000235
macrophage M1	CL:0000863
M0 macrophages	CL:0000235
activated NK cells	CL:0000623
hPBMCs	CL:2000001
MAC2+ cells	CL:0000129
MAC2+ microglia	CL:0000129
MAC2+ progenitors	CL:0000129
CA1 cells	CL:4023060
MTL neurons	CL:0000540
Mesodermal	CL:0000222
hBM-MSCs	CL:0002540
hAd-MSCs	CL:0002570
hBM-MSC	CL:0002540
SCP	CL:0002375
immature B cell	CL:0000816
HCFs	CL:0002363
NPCs	CL:0011020
MAIT cells	CL:0000940
peripheral T cells	CL:0000084
PRPCs	CL:0002672
CD8 T-cell	CL:0000625
cf-RBCs	CL:0000232
cf-RBC	CL:0000232
c-RBCs	CL:0000232
Sox2+ cells	CL:0000048
rNSCs	CL:0000047
Cone	CL:0000573
MG	CL:0000636
Astrocyte	CL:4033015
Rod	CL:0000604
VEC	CL:0002139
Arrestin+ cones	CL:0000573
Chx10+ BCs	CL:0000748
Tfap2a+ ACs	CL:0000561
Rbpms+ RGCs	CL:0000740
Calbindin+ HCs	CL:0000745
Sox9+ Muller glia	CL:0000636
CD91+ macrophages	CL:0000235
CD44+ monocytes	CL:0000576
AT2	CL:4028003
PHHs	CL:0000182
cMCs	CL:0000860
CD8+CD161+ T cells	CL:0000625
suppressor T cells	CL:0000815
CMVECs	CL:2000044
BMMC	CL:0010004
OEC	CL:0011028
PBSC	CL:0002246
CD	CL:1001225
PT	CL:0002306
VCAM1+	CL:0002306
PT cells	CL:0002306
VCAM1+ PT cells	CL:0002306
SPNs	CL:1001474
YS_YSMP	CL:0002354
PD-L1_EC	CL:0000115
MC	CL:0000576
hESCs	CL:0002322
ST-HSC	CL:0002033
SPG	CL:0000020
PCBSLCs	CL:0002341
CD49fHi EMT-PCBSLCs	CL:0002341
Muscle stem cells	CL:0000355
S-cone-like cells	CL:0003050
S-cone	CL:0003050
mDA neurons	CL:2000097
tDC	CL:0000451
Mast	CL:0000097
resting B cells	CL:0000236
GCB	CL:0000844
NMF	CL:0000057
NAF	CL:0000057
NEC	CL:0000115
TME cell	CL:0001063
TEX	CL:0011025
Mes	CL:0008019
Tconv	CL:0000084
conventional T cell	CL:0000789
MPhi	CL:0000235
T Cell	CL:0000084
Natural Killer Cell	CL:0000623
AFSCs	CL:0002639
vOLs	CL:0000128
NCSC	CL:0011012
NCSCs	CL:0011012
hair follicle McSCs	CL:0002483
McSC	CL:0002566
Mo-DCs	CL:0011031
Mo-DC	CL:0011031
HCs	CL:4023120
outer HCs	CL:0000601
OHCs	CL:0000601
inner HCs	CL:0000589
IHCs	CL:0000589
Deiter' cells	CL:0000635
DCs	CL:0000635
IBCs	CL:0002168
IPhCs	CL:0005015
cochlear HCs	CL:4023120
dCCT	CL:0000351
dMPhi	CL:4033088
DSC	CL:2000002
eCTB	CL:0000523
GC	CL:0002488
iCTB	CL:0000523
pCCT	CL:0000351
pEC	CL:0009092
pMPhi	CL:4033087
pSC	CL:2000061
STB	CL:0000525
uNK	CL:4052028
uterine NK cell	CL:4052028
vCTB	CL:2000060
IAAPs	CL:0002638
Chondroblastic	CL:0000058
DFSCs	CL:4030035
DPSCs	CL:4030035
APSCs	CL:4040005
BLALypd1 neurons	CL:0000540
Ast	CL:0000127
HNE cells	CL:1001573
OGC	CL:0000128
AMs	CL:0000583
Cardiomyocytes	CL:0000746
Neuron	CL:0000540
mESC	CL:0002322
Oligodendrocyte	CL:0000128
Brain Pericytes	CL:2000043
Adipocyte	CL:0000136
Osteoblast	CL:0000062
Myoblast	CL:0000056
Myogenic cells	CL:0008020
NE cell	CL:0000165
NE	CL:0000165
NE cells	CL:0000165
BE cell	CL:0000646
NE	CL:0000775
long-term HSC	CL:0002034
short-term HSC	CL:0002033
GN	CL:0000094
MON	CL:0000576
Pre-osteoclasts	CL:0000778
Pre-osteoblasts	CL:0007010
Myelocyte	CL:0002193
Granulocyte	CL:0000094
B_cells	CL:0000236
T_cells	CL:0000084
NK_cells	CL:0000623
NG2+ pericytes	CL:0002575
Tbx18+ pericytes	CL:4047007
CD27+CD11b+ NK cells	CL:0002347
CD27-CD11b- NK	CL:0002345
SFA interneurons	CL:0000099
Cardiac fibroblasts	CL:0002548
mBMM	CL:0000235
hPDE	CL:0002079
mNeuron	CL:0000540
hUVEC cells	CL:0002618
mMSC-AT cells	CL:0002570
mMSC-AT	CL:0002570
Memory B cell	CL:0000787
Naive-mature B cell	CL:0000788
IgD-CD38dim B cell	CL:0000236
CD39+CD4+ T cell	CL:0000624
transitional B cell	CL:0000818
CD8+T cell	CL:0000625
CD127-CD8+ T cell	CL:0000625
IgD-CD38-B cell	CL:0000236
Mammary fibroblasts	CL:0002555
SCs	CL:0002573
SC	CL:0002573
PP-cell	CL:0002275
PP cells	CL:0002275
TEX cells	CL:0011025
LECs	CL:0002224
CD3 T cells	CL:0000084
FAP stained stroma	CL:0000499
Type III cells	CL:0002285
Th+ cells	CL:0000912
Type II cell	CL:0002286
CPCs	CL:0007009
LPCs	CL:0002196
SCs	CL:0002315
OHC	CL:0000601
MC	CL:0008034
OECs	CL:0011028
progenitors of LECs	CL:0002138
LEC progenitors	CL:0002138
ChNs	CL:0000108
MenSCs	CL:0002255
WJ-MSCs	CL:0002568
osteogenic SMCs	CL:0000514
vascular SMC cell	CL:0000359
vascular SMCs	CL:0000359
CPC	CL:0007009
FC	CL:0000138
HTC	CL:0000743
MoDC	CL:0011031
PreHTC	CL:0000138
ProFC	CL:0000138
RegC	CL:0000138
Paneth	CL:0000510
CD103+ TRMs	CL:4033040
TRM	CL:0000909
tumoral TRMs	CL:0000909
intratumoral T cells	CL:0000084
memory T cell	CL:0000813
TRMs	CL:0000909
distant mucosa TRMs	CL:0000909
TCMs	CL:0000907
TEMs	CL:0000913
CD8+	CL:0000625
CSF-c neurons	CL:0000540
activated HUVEC	CL:0002618
CD34+ cells	CL:0001059
Pro-E	CL:0000547
Baso-E	CL:0000549
Poly-E	CL:0000550
Ortho-E	CL:0000552
DC2s	CL:0000990
DC2	CL:0000990
dermal DC2s	CL:0000784
TH	CL:0000912
immature B cells	CL:0000816
Retinal cell	CL:0009004
CD117 mast cells	CL:0000097
CD3 IELs	CL:0002496
gammadelta IELs	CL:0000801
IELs	CL:0002496
intrahepatic NK cell	CL:0000623
hepatic NK cells	CL:0000623
Embryonic stem cell	CL:0002322
myeloid CD45+ cells	CL:0000763
CD45+ lymphocytes	CL:0000542
CD3+ T cells	CL:0000084
GV oocytes	CL:0000023
Epithelial-NE	CL:0000066
Plasma_B	CL:0000980
Epithelial	CL:0000066
Myeloid	CL:0000763
Endothelial	CL:0000115
Blastema cell	CL:0000354
PV-INs	CL:0000099
TAFs	CL:0000057
esMSCs	CL:0000134
CD3+, T cells	CL:0002419
Cortical neurons	CL:0010012
Mesangial Cells	CL:0000650
type IIa fibers	CL:0002214
type IIb fibers	CL:0002215
NCa-NK cells	CL:4047101
CD56bright NK cells	CL:0000938
CD14+ monocyte	CL:0001054
NSPs	CL:0000047
nTregs	CL:0000903
induced Tregs	CL:0000902
iTregs	CL:0000902
PYR cells	CL:0000598
PV cells	CL:4023018
PV cell	CL:4023018
PYR	CL:0000598
TS IgMlo cells	CL:0000960
NKT cell	CL:0000814
hHepPCs	CL:0002196
pSPNs	CL:1001474
MuSCs	CL:0000355
CD19+ B cells	CL:0001201
CD19+ B-cell	CL:0001201
PC	CL:0000786
CD8+ T-cell	CL:0000625
tDCs	CL:0017009
Axl+ DC	CL:0017009
tDC/cDCs	CL:0000990
vascular VEC	CL:0002139
CD45+ EPCs	CL:0000038
EDMCs	CL:0000764
MNCs	CL:0000842
Gra	CL:0000094
Ery HPC	CL:0000038
DC HPC	CL:0002010
BMNCs	CL:0010004
BM	CL:0002092
cMono	CL:0000860
CD56br NK cells	CL:0000938
CD56dim	CL:0000939
naive Tregs	CL:0000903
memory Tregs	CL:0002678
MYEs	CL:0000763
CD8 TEM	CL:0000913
proliferating TCs	CL:4033069
mitotic TC	CL:4033069
T-mito	CL:4033069
exhausted TCs	CL:0011025
Tex	CL:0011025
PCs	CL:0000786
non-classical MCs	CL:0000875
nMC	CL:0000875
intermediate MCs	CL:0002393
iMC	CL:0002393
activated T cells	CL:0000084
Reticulocyte	CL:0000558
BMSCs	CL:0002540
ECs	CL:0002139
Lamp5	CL:4023011
Sncg	CL:4023015
Vip	CL:4023016
Sst	CL:4023017
Pvalb	CL:4023018
CT	CL:4023013
ET	CL:4023009
IT	CL:4023008
NP	CL:4023012
PSCs	CL:0002410
MOs	CL:0000235
MO	CL:0000235
OC cells	CL:2000064
LTi cell	CL:0011018
GCB cells	CL:0000844
DN3 cells	CL:0000807
CD68 + macrophages	CL:0000235
PD1 + lymphocytes	CL:0000542
hDPSCs	CL:4030035
pDPSCs	CL:4030035
PSCs	CL:0007001
IgG negative cells	CL:0002104
IgE+ B cells	CL:0000948
CD19+CD38dim cells	CL:0002105
UCBCs	CL:2000095
UCB cells	CL:2000085
HS cells	CL:0000037
Tumor cells	CL:0001063
Betz cells	CL:0008049
Von Economo neurons	CL:4030039
I-RGCs	CL:0000740
C-RGCs	CL:0000740
NEUR	CL:0000540
HESC	CL:0002322
NC	CL:0011012
Corneocytes	CL:0002153
brain ECs	CL:2000044
lung ECs	CL:1001567
heart ECs	CL:0010008
TCs	CL:0017004
Schwan cells	CL:0002573
Mo	CL:0000842
Mc	CL:0000235
Blasts	CL:0000055
Promyelocytes	CL:0000836
Band neutrophils	CL:0000560
Plasmocytes	CL:0000786
Erythroid	CL:0000764
CD34+PRLR+ cells	CL:0001059
CD34+ HSCs	CL:0001024
MLP	CL:0000936
PRLR+ progenitors	CL:0001059
CD56+ lymphocytes	CL:0000542
CD34+PRLR-	CL:0001024
BP	CL:0000826
mEGC	CL:4040002
End	CL:0000115
Mur	CL:0008034
TE cells	CL:1000274
PE progenitors	CL:0000223
EPI progenitors	CL:0000352
ENS neurons	CL:0007011
TRAP+ osteoclasts	CL:0000092
SVZ cell	CL:4042021
IPCs	CL:0000169
Stem Cells	CL:0000034
CD14 + monocytes	CL:0001054
GNs	CL:0000094
Natural killer	CL:0000623
MRD cells	CL:0001063
somatic SCs	CL:0000723
keratinocyte SCs	CL:0002337
CPs	CL:0011026
Sebocytes	CL:0000317
M2 TAMs	CL:0000890
CD8+/PD-1+ T cells	CL:0000625
IgA+ plasma cells	CL:0000987
short-term (ST) HSCs	CL:0002033
CD63 + TAMs	CL:0000235
NK-cells	CL:0000623
PMN-MDSC	CL:0000889
AT2 cells	CL:0002063
Epithelial cell	CL:0000066
Lung Epithelial Cell	CL:0000082
MAPC	CL:0000048
Purkinje cells	CL:0000121
BMDCs	CL:0002540
Purkinje neurons	CL:0000121
MO	CL:0000576
RECs	CL:0000766
CD34+ LSCs	CL:0000034
SFs	CL:0002301
CD68+ macrophage	CL:0000235
CD68+ cells	CL:0000235
Progenitor	CL:0011026
Sympathetic neurons	CL:0011103
Glial cells	CL:0000125
SOX10pos SCPs	CL:0002375
eCL	CL:4047018
TA cells	CL:4047017
tDCs	CL:0000451
gammadeltaT cells	CL:0000798
CD8+ lymphocytes	CL:0000625
XCR1- DCs	CL:0000451
migratory DCs	CL:0000451
multipotent HSC	CL:0000037
BAMs	CL:4042003
Classical monocytes	CL:0000860
Pre-B cells	CL:0000817
Immature B cells	CL:0000816
Mitotic B cells	CL:4033068
natural Treg	CL:0000903
nTreg	CL:0000903
CD4 T-cells	CL:0000624
peripheral Tregs	CL:0000815
pTreg	CL:0000815
Adip	CL:0000136
Mo	CL:0000235
NC	CL:0000540
aCM	CL:0002129
vCM	CL:2000046
GC	CL:0000844
regulatory T-cell	CL:0000815
ANS progenitors	CL:0011020
arterial VECs	CL:1000413
major artery VECs	CL:1000413
arterial plexus VECs	CL:1000413
B-cell progenitors	CL:0000826
T-cell progenitors	CL:0000827
MK_Prog	CL:0000553
Activated microglia	CL:0002629
SMSC	CL:0000134
BMSC	CL:0002540
SMSCs	CL:0000134
DC3s	CL:0000451
ISCs	CL:0002250
B-lympho	CL:0000236
CD14Mono	CL:0001054
CD16Mono	CL:0002397
CDT2 cell	CL:0000625
T-Lympho	CL:0000084
CD8T2 cells	CL:0000625
MCCs	CL:0005012
CD4+ T lymphocytes	CL:0000624
TH-cell	CL:0000912
ATM	CL:0002477
ATMs	CL:0002477
CD4 + memory	CL:0000897
TH17 cells	CL:0000899
CD8 + effector	CL:0000908
Natural killer cells	CL:0000623
PMNs	CL:0000096
transitional B cells	CL:0000818
NK lymphocyte	CL:0000623
immature NK cells	CL:0000823
mature NK cells	CL:0000824
naive Tregs	CL:0002677
activated Tregs	CL:0001048
MSNs	CL:0011001
DRGs	CL:1001451
CD103+ cDC1s	CL:0002461
DN cells	CL:0002510
DN	CL:0002510
splenic DN cells	CL:0002510
cDC DN	CL:0002510
ECs	CL:0000138
FCs	CL:0000138
HomCs	CL:0000138
HTCs	CL:0000743
preHTCs	CL:0000743
ProCs	CL:0000744
RegCs	CL:0000138
CD141+ DCs	CL:0002394
DC	CL:0002394
CD1c+ A DCs	CL:0000453
DC	CL:0000453
CD163+ CD14+ DCs	CL:0002399
CD1c+ B DCs	CL:0002399
DC	CL:0002399
AXL+ SIGLEC6+ DCs	CL:0017009
DC	CL:0017009
DC	CL:0000784
fMGL	CL:0000129
hAESCs	CL:0002640
HAESC cells	CL:0002640
AESCs	CL:0002640
C1QC+ macrophages	CL:0000235
aCap ECs	CL:4028003
lung capillary ECs	CL:4028001
capillary ECs	CL:0002144
gCap EC	CL:4028001
gCap ECs	CL:4028001
PG endocrine cells	CL:2000004
Secondary neurons	CL:0000540
beta-Cell	CL:0000169
CD3+ T cells	CL:0002419
Spheroplasts	CL:0000524
Liver cells	CL:0000182
L/APP	CL:0000057
BMDPM	CL:0002476
Neuronal cells	CL:0000540
Reticulocytes	CL:0000558
Striatal cells	CL:0000540
Nurse	CL:0000026
ES cells	CL:0002322
Myotube	CL:0002372
BMDMs	CL:0002476
CGN	CL:0000540
Cortical neurons	CL:0000540
BMDM	CL:0002476
BMMs	CL:0002476
BMM	CL:0002476
PVC interneuron	CL:0000099
Primary hepatocytes	CL:0000182
M2 macrophage	CL:0000235
MDM	CL:0000235
Pyknotic neurons	CL:0000540
iPSC	CL:0000134
Cardiomyocyte	CL:0000746
Cardiomyocyte	CL:0002495
ASEL	CL:0000540
Primary neurons	CL:0000530
PC	CL:0000510
HEV	CL:0002652
NCM	CL:0002495
NCMs	CL:0002495
Primary NCMs	CL:0002495
MOBs	CL:0000062
PEMs	CL:0000581
iPSC	CL:0002248
iPSCs	CL:0002248
NPC	CL:0000047
NPCs	CL:0000047
CD4+ T cells	CL:0000895
TH1	CL:0000545
TH2	CL:0000546
P14 cells	CL:0000084
P14	CL:0000084
MPs	CL:0000113
Bone marrow cells	CL:0002092
T‐cell	CL:0000084
MoDCs	CL:0001029
Acini	CL:0000622
KC	CL:0000091
Hep	CL:0000182
HEP	CL:0000182
ISPC	CL:0002250
ISPCs	CL:0002250
Paneth cells	CL:1000345
CBC	CL:0002250
immature DC	CL:0000840
immature DCs	CL:0000840
PC	CL:0000121
LPL cells	CL:0002496
Keratinocytes	CL:0000312
YF29	CL:0000312
OR-CA	CL:0000312
sLNvs	CL:0000540
sLNv neurons	CL:0000540
LNv neuron	CL:0000540
sLNv	CL:0000540
LNv neurons	CL:0000540
LNv	CL:0000540
ALL	CL:0000542
CLL	CL:0000236
CD8+ T	CL:0000910
B-lymphocyte	CL:0000236
PDCs	CL:0000784
PGCLCs	CL:0000670
PGCLC	CL:0000670
Epithelial glia	CL:0000125
GPC	CL:0000125
PAECs	CL:1001568
PaSC	CL:0002410
PaSCs	CL:0002410
T cells	CL:0000900
DCs	CL:0000841
Paneth cell	CL:0000510
mDA neurons	CL:0000700
mDA neuron	CL:0000700
DA neurons	CL:0000700
mDA	CL:0000700
MAF	CL:0000057
Panc8680	CL:0000083
TN	CL:0000540
Microglial cell	CL:0000129
Sperm	CL:0000019
CPC	CL:0002250
preB-cell	CL:0000817
preB	CL:0000817
White bloodcell	CL:0000738
B‐cell	CL:0000236
hBMECs	CL:2000044
SMC	CL:0000359
LAK	CL:0000824
PBMCs	CL:0000842
Germline	CL:0000014
NS cells	CL:0000047
MSNs	CL:1001474
Gli36	CL:0000125
Mononuclear cells	CL:0000842
Germ cells	CL:0000586
ES cell	CL:0002322
TEM	CL:0000913
Tregs	CL:0000795
IHLs	CL:0000738
TEMs	CL:0000037
IHL	CL:0000738
TEM	CL:0000037
Hippocampal neurons	CL:0002608
TN	CL:0000898
TB	CL:0000084
TM	CL:0000813
GSC	CL:0000047
GBM8	CL:0000047
GBM4	CL:0000047
GBM6	CL:0000047
GBM	CL:0000047
IHC	CL:0000589
C29V	CL:0000057
C47V	CL:0000057
TpLV	CL:0000057
aRGCs	CL:0000681
aRGC	CL:0000681
BP	CL:0000034
PMNs	CL:0000775
MTECs	CL:0000307
MTEC	CL:0000307
CD115+ cells	CL:0001022
CD115+BM monocytes	CL:0001022
ES cells	CL:0002248
EpiSCs	CL:0000352
mES cells	CL:0002248
GOF18	CL:0000352
OEC2	CL:0000352
dESC	CL:0002322
CD4T cells	CL:0000084
AII	CL:0000561
AII amacrine cells	CL:0000561
PLPs	CL:0000233
responder T cells	CL:0000084
Tresp	CL:0000084
Tfh cells	CL:0002038
naïve T cells	CL:0000898
Tfh cell	CL:0002038
SRBC	CL:0000232
iPS	CL:0002248
RGs	CL:0000681
Protoplasts	CL:0000371
NS	CL:0000047
GBM	CL:0000468
GSCs	CL:0000468
GSC	CL:0000468
HSPC	CL:0000037
HSPCs	CL:0000037
mESCs	CL:0002322
MCCs	CL:0000064
SC	CL:0000151
MCC	CL:0000064
EB	CL:0000038
Endothelial cells	CL:0002544
ECs	CL:0002544
EC	CL:0002544
C18-4	CL:0000016
CSCs	CL:0000034
ES) cells	CL:0002322
Embryonic stem cells	CL:0002322
ES) cell	CL:0002322
Zygotic	CL:0000365
HaC	CL:0000855
IHC's	CL:0000589
Red blood cells	CL:0000232
Neuronal cell	CL:0000540
Cortical astrocytes	CL:0002605
Hippocampal neuron	CL:0002608
type II AECs	CL:0002063
type I AECs	CL:0002062
type I AEC	CL:0002062
type I	CL:0002062
type I cell	CL:0002062
AECs	CL:0000322
type I cells	CL:0002062
Cells in Circulation	CL:0000080
Erythroid Cells	CL:0000764
VHC	CL:0000609
VDC	CL:0000846
SMC	CL:0002492
Intermediate cells	CL:0002486
Marginal cells	CL:0002492
Muscle Fiber	CL:0000187
type I fiber	CL:0002211
type IIa	CL:0002214
type I	CL:0002211
Type II fibers	CL:0002212
Type I fibers	CL:0002211
Type IIb fibers	CL:0002215
IIa	CL:0002214
IIb	CL:0002215
type IIb	CL:0002215
Muscle fiber	CL:0000187
type II	CL:0002212
type I/II fibers	CL:0002211
type I/II fibers	CL:0002212
Type I	CL:0002211
type II fiber	CL:0002212
Type I Fibers	CL:0002211
Apoptotic cells	CL:0000445
ES-cell	CL:0002322
Motor Neurons	CL:0000100
Motor Neuron	CL:0000100
CNS neurons	CL:0000117
Primary cell	CL:0000001
Purkinje neuron	CL:0000121
Photoreceptor cells	CL:0000210
Photoreceptors	CL:0000210
Photoreceptor	CL:0000210
Müller cells	CL:0000636
photoreceptors R1	CL:0000687
photoreceptors R1–R6	CL:0000705
R1–R6 photoreceptors	CL:0000687
R6 photoreceptors	CL:0000705
ES Cell	CL:0002322
ES-cells	CL:0002322
Purkinje-cells	CL:0000121
Purkinje-cell	CL:0000121
Pyramidal neurons	CL:0000598
astroglial (C6) cell	CL:0000127
Cultured cells	CL:0000010
DRG sensory neurons	CL:1001451
Purkinje cell	CL:0000121
Schwann-cell	CL:0002573
Primary Schwann cell	CL:0000001
TRCs	CL:0000209
Myotubules	CL:0002372
Hepatocyte	CL:0000182
endoderm (AVE) cells	CL:0000223
PCGs	CL:0000670
Primitive germ cells	CL:0000670
Rods	CL:0000604
Müller Glial	CL:0000636
Müller glia	CL:0000636
Müller glial	CL:0000636
BP	CL:0000103
Cones	CL:0000573
Photoreceptor Cell	CL:0000210
Rod Photoreceptor	CL:0000604
kidney (MDCK) cell	CL:1000497
GC	CL:0000120
Stromal Cells	CL:0000499
Marrow stromal cells	CL:0010001
Embryonic Cell	CL:0002321
primary ES cell	CL:0000001
Rod photoreceptor	CL:0000604
ES Cells	CL:0002322
TGCs	CL:0002488
TGC	CL:0002488
secondary TGCs	CL:0002498
primary TGCs	CL:0002497
Sertoli cell	CL:0000216
Sertoli	CL:0000216
Somatic cells	CL:0000000
Primary gonadal cell	CL:0000001
Blood cells	CL:0000081
Sertoli Cell	CL:0000216
basal ORS cells	CL:0000646
ORS cells	CL:0002561
TECs of cortex	CL:0002364
medullary TEC	CL:0002365
cortical TECs	CL:0002364
medullary TECs	CL:0002365
GC	CL:0000740
Primary cells	CL:0000001
Embryonic Cells	CL:0002321